{"cameraMode":{"drawMode":2,"name":"Shaded Wireframe","section":"Shading Mode"},"sceneLighting":true,"audioPlay":false,"sceneViewState":{"showFog":true,"showMaterialUpdate":true,"showSkybox":true,"showFlares":true,"showImageEffects":true,"showParticleSystems":true},"in2DMode":false,"pivot":{"x":5.039709091186523,"y":6.575408935546875,"z":15.71320629119873},"rotation":{"x":-0.031681183725595477,"y":-0.08084357529878617,"z":-0.0025709527544677259,"w":0.9962199330329895},"size":10.565648078918457,"orthographic":false}